Competition 1,Competition 2,Competition 3,Competition 4,competition 5,competition 6,competition 7,competition 8,competition 9,competition 10,competition 11,competition 12,# of competition,successful or not,keywords
67476,70826,11848,736065,126253,793870,77830,26277,767472,244552,1000000,1000000,10,0,College Vegetarian Cookbook Quick PlantBased Recipes Every College 
1495819,107416,2601,765596,560059,1757665,759473,1935470,669122,8439,1782032,42956,18,0,Pasta Salad The Ultimate Guide 
1952,41374,7156,55071,18859,1000000,681,58633,34995,15010,32010,2601,202,1,Keto Meal Prep Cookbook For Beginners Easy Simple 
77402,124984,266764,216573,552687,45517,52265,1000000,1000000,1000000,1000000,1000000,7,1,Vegetarian Keto Diet Beginners TOP Amazing Simple Recipes 
51494,556848,50489,550422,182310,841522,262222,172269,164172,780624,2375025,320114,17,0,Gastric Sleeve Bariatric Surgery Cookbook The Complete Guide 
730187,58807,3287943,488704,1000000,2594223,5128270,2927443,101741,75819,2789013,1000000,11,0,Nutribullet Recipe Book Smoothie Recipes WeightLoss Detox AntiAging 
870875,215378,642766,140710,93841,183153,2275621,396905,442705,328422,852237,1329805,19,0,PlantBased Diet The Essential Cookbook Beginners Healthy Recipes 
57117,470231,14460,72656,19690,360557,5530,494259,17559,28558,95418,12730,191,1,Keto Instant Pot Recipes Cookbook The Easy Electric 
8425,103649,250483,236397,317,340283,12247,30162,27453,9276,32816,132165,22,1,DASH Diet Dummies Easy Recipes Day Diet Meal 
2601,224294,5455,13887,12749,510367,20823,32166,90841,4883908,1100,9276,436,1,Days Salad Recipes A Salad Cookbook Over Salad 
1619334,2610794,1736849,4883908,1070838,193458,800030,2365967,239542,1741103,1000000,1000000,10,0,Delicious Salads Dressings And Dips Healthy Salad Recipes 
79915,99879,358774,1729001,4883908,1500859,277676,1005728,104876,1750739,1790019,482160,204,0,Homemade Salad Dressing Recipes A Salad Dressings Cookbook 
888917,704359,79915,93553,4883908,547613,934,84149,301812,1364169,398642,277676,21,0,The Mediterranean Salad Cookbook Salads Salad Dressings Healthy 
1000000,135579,90117,1084,373163,785818,77416,872927,19863,597201,13183,254860,25,1,PlantBased Diet Cookbook Beginners Day Meal Plan Energize 
111676,671547,521752,130699,53411,232409,53309,741490,59898,124984,188463,180722,28,0,FAST EASY VEGETARIAN MEAL PREP Weekly Plans Recipes 
21953,353977,137931,905095,103449,15793,334842,858729,560559,445362,60997,52265,35,1,Vegan Cookbook Delicious Vegan Glutenfree Breakfast Lunch Dinner 
247312,337864,33843,215378,22117,77830,76104,196090,491088,77269,188560,77402,39,1,Keto Vegetarian Cookbook Easy Delicious LowCarb Vegetarian Recipes 
287289,724,989531,107420,107420,36807,116196,872927,1085142,1000000,1000000,1000000,9,0,Vegan Athlete Cookbook HighProtein Delicious Recipes Your Workouts 
26277,128859,14460,98209,638131,285290,282880,655498,537667,31518,113538,1000000,672,0,Corn Cookbook 
1996377,2594456,1141155,401897,2070473,7817,283466,151402,563982,1871594,1350696,1000000,11,0,The Quick Easy Spiralizer Cookbook Vegetable Noodle Recipes 
9276,266904,207381,1000000,150529,378563,602693,1130505,220755,1035072,560059,330458,29,0,The Alkaline Diet Ultimate Guide Beginners Healthy Recipes 
569224,4018205,2839281,2537109,1872197,1443584,1216842,3187523,2664672,1000000,1000000,1000000,9,0,Green Salads Quick Easy Gluten Free Low Cholesterol 
15960,6966,524777,55071,872927,19863,100693,48092,15960,287260,67476,373163,422,1,Plant Based Cookbook Plant Based Cookbook Beginners Weeks 
130699,193458,37927,473068,13183,115033,418046,77830,724,124984,32166,38743,52,1,Superfood Cookbook Delicious Vegetarian Superfood Salads Easy Weight 
682149,52689,568275,671547,430397,254860,15793,402465,1260625,28680,1000000,1000000,10,1,Plant Based Meal Prep Healthy PlantBased Recipes Cleanse 
53411,60997,106049,229391,19175,19863,159448,257575,22117,83460,111676,120574,22,1,THE PLANTBASED DIET COOKBOOK FOR BEGINNERS An Inspiring 
572649,238998,4883908,1029108,104876,1000000,1000000,1000000,1000000,1000000,1000000,1000000,5,0,Hello Macaroni Salad Recipes Best Macaroni Salad Cookbook 
587256,4883908,1082875,277676,1849835,1000000,1000000,1000000,1000000,1000000,1000000,1000000,5,0,Hello Main Dish Salad Recipes Best Main Dish 
450991,427818,437061,562526,53411,920434,530391,1182701,425666,695063,3880,28680,142,1,Plant Based High Protein Cookbook Delicious Vegan Recipes 
744275,2886391,2475013,2700868,1052887,160618,482742,180722,1778331,20386,787142,2455348,26,0,Vegan Salads Over Vegan Quick Easy Gluten Free 
50242,53309,746298,395270,9276,124984,1000000,56564,26298,2482,17140,681,495,1,The Complete Keto For Two Cookbook For Beginners 
85931,300747,175822,793577,123643,958466,121453,386388,1088126,639587,1313378,1236826,43,0,Spiralizer Spiralizer Cookbook Healthy And Delicious Spiralizer Recipes 
107420,4883908,104876,63271,427818,168327,418046,318375,37927,22117,1085142,116196,56,1,Salad Cookbook Delicious High Protein Vegetarian Salad Recipes 
171547,21953,277676,13485,10410,42390,4672,767643,1574,10205,39114,187401,84,1,Keep It Vegan 
83460,1091174,121453,381290,1084,113538,920033,140722,32166,703343,466177,1000000,11,1,Zucchini Cookbook Family Zucchini Recipe Book Tasty Easy 
134622,9276,1117824,636310,32166,22061,1766,11921,13485,20823,473068,117293,105,1,Superfood Salad Recipes A Clean Eating Cookbook Easy 
2894657,117766,744275,2439154,2159758,2446977,66636,180722,1821156,4574102,2351160,2416114,54,0,Superfoods Salads In A Jar Over Quick Easy 
3610,249452,414060,10094,2601,1000000,1000000,1000000,1000000,1000000,1000000,1000000,5,1,LAZY KETO DIET FOR VEGANS Top Quick Easy 
7123,28680,8126,5503,48388,3236,15793,1283,17441,41336,2125,407,91,1,PlantBased Budget Delicious Vegan Recipes Under Week Less 
13887,1490613,35518,1252807,163270,154448,449528,52689,724,796520,358478,4672,17,1,PlantBased Nutrition E Idiots Guides 
171698,21766,45880,287260,25947,37927,113538,1000000,1000000,1000000,1000000,1000000,7,1,The Oh She Glows Cookbook Over Vegan Recipes 
172002,2243927,448197,28680,42713,1000000,1000000,1000000,1000000,1000000,1000000,1000000,5,1,BOSH Simple Recipes Amazing Food All Plants BOSH 
128643,15960,13887,6966,44140,36415,107420,3880,96286,293449,33914,13183,14,1,Forks Over Knives The PlantBased Way Health 
825346,626110,1071628,938764,587205,1932639,1186725,215032,1982681,1000000,1000000,1000000,9,0,PLANTLAB 
19175,45880,413303,2696,25947,1000000,1000000,1000000,1000000,1000000,1000000,1000000,5,1,Rachel Ama ’ Vegan Eats Tasty plantbased recipes 
634160,445362,287260,26277,254860,1000000,1000000,1000000,1000000,1000000,1000000,1000000,5,1,The Vegan Instant Pot Cookbook Wholesome Indulgent PlantBased 
15960,15960,13887,287260,36807,3880,33914,432680,6966,13183,122324,26277,33,1,Forks Over Knives—The Cookbook Over Recipes PlantBased Eating 
37927,54282,50842,3553,107420,1000000,1000000,1000000,1000000,1000000,1000000,1000000,5,1,Thug Kitchen The Official Cookbook Eat Like You 
618,37621,13485,37927,13887,54282,1000000,1000000,1000000,1000000,1000000,1000000,6,1,Thug Kitchen Fast Fck A Cookbook Thug Kitchen 
21953,355997,665499,15793,417307,5455,1479798,5530,21766,25947,20386,225475,178,1,The Easy Vegan Cookbook Make Healthy Home Cooking 
33914,318960,37927,15960,1000000,75771,203715,34146,13485,13887,25947,297491,102,1,The No Meat Athlete Cookbook Whole Food PlantBased 
41241,84185,45517,485912,724,646883,1729755,1000000,8425,53309,796520,181047,23,1,The Complete Vegetarian Cookbook A Fresh Guide Eating 
215378,36807,93841,396905,183153,22117,442705,19863,544667,1000000,1000000,1000000,9,1,The Essential Vegan Keto Cookbook Healthy Delicious PlantBased 
279290,188618,241713,176263,460725,499374,663346,203066,383720,368089,1000000,1000000,11,0,AFFORDABLE PLANTBASED COOKING WITH YOUR INSTANT POT Quick 
386547,63926,233110,610330,36316,98432,30162,11528,1517884,971144,1030569,176263,13,1,Super Simple One Pot Meals Learn Cook Easy 
1288994,995626,1119684,69939,555445,175579,175146,53366,1000000,1000000,1000000,1000000,8,0,GlutenFree Baking Perfect Gluten Free Bread Cookies Cakes 
740251,197314,139558,141705,32966,13366,32213,384156,42713,776495,184503,32926,17,1,Ottolenghi Flavor A Cookbook 
111676,480663,2601,149970,40699,220025,287260,451120,80310,34794,390454,1000000,722,0,Five Ingredient Vegan 
5530,1575716,130699,15793,989433,353439,253426,20386,21953,415367,36807,67476,23,1,The Vegan Simple Delicious Recipes Made Ingredients Less 
887932,83977,20386,937378,13183,1064506,53309,1004501,251719,15960,1000000,1000000,10,1,Vegan Reset The Day Plan Kickstart Your Healthy 
647705,890240,1000000,567202,854312,1291154,1027773,10663,516044,1051528,92954,44400,30,0,Veggie Mama 
125669,611363,39114,137429,283113,41220,300661,187401,654290,612315,10098,36807,28,1,I Can Cook Vegan 
2696,15301,3941,4065,2981,7153,8303,19492,606639,10967,21126,13013,76,1,Vegan Vengeance th Anniversary Edition Over Delicious Cheap 
13420,117289,32010,159448,17942,31519,44140,144475,2826,71972,363698,8585,60,1,Keto Smoothie Recipes Healthy And Delicious Ketogenic Diet 
373014,1047707,827453,4580,884494,333388,1000000,1000000,1000000,1000000,1000000,1000000,6,0,Indian Delicious Indian recipes ingredients fewer 
781159,228638,1320505,1000000,1669673,1049094,177684,130699,1386571,183153,368089,1000000,12,0,The Vegetarian Meal Prep Cookbook TimeSaving Recipes Weekly 
519771,201649,53550,9209,568342,107074,482,1092271,33420,1277343,567945,759107,54,1,Air Fryer Cookbook For Beginners In Easy Healthy 
4578779,168233,1764695,586030,886626,7711,909955,3146652,1232771,126,1251587,936267,12,0,Things To Do With Potato 
1100,57713,105376,14832,93364,7817,46176,1000000,1000000,1000000,1000000,1000000,7,1,Six Seasons A New Way Vegetables 
397680,26298,383720,1153786,345302,1410964,181047,934736,13887,1011180,5530,37927,19,1,The Complete Vegan Instant Pot Cookbook Delicious WholeFood 
45880,25947,37927,21766,43582,113538,287260,1000000,1000000,1000000,1000000,1000000,7,1,The Oh She Glows Cookbook Over Vegan Recipes 
95841,124701,1171768,138316,360916,57520,109959,74946,182294,51338,142703,384825,348,0,Edible Wild Plants 
53309,177722,51801,354245,3880,70643,122324,13887,1000000,1000000,1000000,1000000,8,1,The PlantBased Diet Beginners Delicious Healthy WholeFood Recipes 
896,3793,1000000,39704,450,2754,38760,2117,2117,8999,3827,223073,116,0,THE GARDEN GURU ’ S GUIDE TO PRESERVING 
413286,64945,44398,393799,135579,100693,52265,144337,7915,205855,175,321398,50,0,The New Vegetarian Cooking Everyone A Cookbook ] 
42713,2243927,172002,28680,448197,1000000,1000000,1000000,1000000,1000000,1000000,1000000,5,0,BOSH Simple Recipes Amazing Food All Plants BOSH 
2195572,1468855,227068,1238799,2426186,1101074,948459,1795940,1236038,1236240,1000000,1000000,11,0,Days Spiralizer Recipes A Spiralizer Cookbook Over Recipes 
11596,254860,200550,1137086,852271,777951,13572,959372,978378,194044,220479,128920,12,0,The Plant Paradox Cookbook Delicious Recipes Help You 
1061602,15960,503904,13183,741118,1064506,230972,1678374,908516,1720011,633896,475501,13,0,LowCarb Vegetarian Cookbook Easy Recipes KickStart Meal Plan 
99740,178867,3544,7545,413638,227912,160821,215387,1252110,255600,92318,57812,62,0,The Healthy Air Fryer Cookbook Truly Healthy Fried 
45880,19175,34959,413303,25947,1000000,1000000,1000000,1000000,1000000,1000000,1000000,5,1,Rachel Ama ’ Vegan Eats Tasty plantbased recipes 
409758,3880,15960,28680,67476,254860,61749,48092,270551,6966,83460,113355,785,1,Eating Vegan A PlantBased Cookbook Beginners 
595085,2261800,203366,1733919,3633206,1000000,1509325,81327,90957,1000000,1000000,1000000,9,0,The Healthy Smoothie Bible Lose Weight Detoxify Fight 
616152,38743,111676,67476,1429374,724,53309,470128,557805,1364621,234813,781559,45,1,The Minute Vegetarian Cookbook Healthy Delicious Meals Busy 
181047,84185,36807,1000000,41241,1729755,724,8425,31143,796520,45517,485912,23,1,The Complete Vegetarian Cookbook A Fresh Guide Eating 
1000000,9392,290667,41477,854331,608586,10205,442108,350490,5364,52471,671040,15,1,DR SEBI How Naturally Detox Liver Reverse Diabetes 
33607,486719,291322,681,146874,1392139,2826,32010,2601,310529,908605,52242,111,1,Atkins Diet Plan The Complete Beginners Guide With 
107420,6966,90841,67476,15960,122324,26277,33914,13887,528,3880,128643,33,1,Forks Over Knives—The Cookbook Over Recipes PlantBased Eating 
124701,379426,47127,137429,95841,142703,51338,392006,6423,15925,182294,109959,34,1,The Complete Guide Edible Wild Plants 
183172,32166,37927,221800,503473,12730,68730,108882,13887,65627,142198,2153,109,1,Vegetarian Instant Pot Cookbook Fast Easy Follow Healthy 
1778937,388920,514321,1043052,37621,1093939,939553,77785,26755,723644,693703,18948,215,1,The Farmers Market Cookbook 
475172,92359,57498,107123,175,2826,114337,97701,42713,13013,292749,63678,186,1,Ingredients Quick Easy Food The UK edition 
77416,318375,393799,6966,530391,372311,115662,872927,53411,858596,437061,270551,190,0,Plant Based Diet Cookbook For Beginners HighProtein Healthy 
203066,383720,663346,279290,176263,241713,460725,368089,499374,188618,1000000,1000000,11,0,AFFORDABLE PLANTBASED COOKING WITH YOUR INSTANT POT Quick 
139995,1022410,254419,423910,16149,223927,391016,1162718,287043,176260,1063165,467567,109,0,Dr Sebi The Complete Guide Dr Sebi ’ 
310629,283634,115662,64432,888054,3880,61749,135579,432680,254860,661258,1009752,397,0,Plant Based Diet Cookbook beginners Quick Easy Cookbook 
36439,83460,200718,296480,365179,59767,211849,330165,73066,211177,17760,18471,81,1,The Farm Cooking School 
515901,347222,1919586,16579,270687,275239,230488,27745,367765,57498,106247,608487,59,1,Comfort food soothe soul 
723495,1000000,5364,2077701,1000000,290667,358281,1405485,1000000,1000000,1000000,1000000,8,0,Dr Sebi Alkaline Recipe A Comprehensive Guide On 
26277,13887,279290,111676,175,254860,80310,67476,100693,20386,28680,3880,533,1,The Easy Ingredient Vegan Cookbook Healthy Plant Based 
257783,415054,83460,121417,202450,925757,109881,1737939,379303,961687,1241257,199486,13,0,Bean Bean A Cookbook More Recipes Fresh Beans 
3941,13013,8303,2981,4065,19492,83389,23153,28701,21126,105645,6314,68,1,Vegan Vengeance th Anniversary Edition Over Delicious Cheap 
384156,7915,184503,740251,32966,32213,776495,139558,42713,32926,141705,1120833,17,1,Ottolenghi Flavor A Cookbook 
67476,203066,616152,13887,22117,452766,26277,142198,107420,44140,52265,329005,44,1,Vegetarian Instant Pot Healthy PlantBased Recipes Make Quick 
4721,66687,13887,713789,794900,117021,145019,57498,144475,32166,84338,9276,75,1,Foodie Cookbook Beginners Foodie Recipe Book Day Plan 
235987,808224,2129329,338286,6437563,1000000,1000000,1000000,1000000,1000000,1000000,1000000,5,0,James Beards Menus Entertaining 
3880,317,6966,79660,19966,245178,116196,229391,1000000,44140,226000,283634,86,1,The PlantBased Diet Beginners The Health Benefits Eating 
239542,482,32370,48325,294458,169554,481171,632772,106555,53550,11181,201649,23,1,Instant Vortex Air Fryer Oven Cookbook beginners Most 
632772,16066,29136,37699,207780,759107,1000000,1000000,1000000,1000000,1000000,1000000,6,1,INSTANT POT AIR FRYER LID COOKBOOK Affordable Quick 
202450,508922,337864,3001,1075406,444838,544524,150175,701779,81931,496897,485185,84,0,Keto Bread Machine Recipe Book Quick And Easy 
36316,53182,102837,55071,353977,537423,116591,383675,390490,234621,759107,30162,247,1,Air Fryer Cookbook Beginners Day Quick Easy Recipe 
1026448,1231783,1077511,971154,1303,2503166,1000000,1000000,1000000,1000000,1000000,1000000,6,0,Hello Margarita Recipes Best Margarita Cookbook Ever For 
55071,353977,232601,33420,730892,889174,2601,853710,1000000,99740,288752,575360,196,0,Air Fryer Cookbook Beginners Easy Healthy LowCarb Recipes 
218120,98155,164322,230076,133926,983513,19966,503883,1153644,206172,100196,322256,34,0,Intermittent Fasting Increase Energy Heal Your Body Intermittent 
420144,110896,3544,482,421043,30162,32370,1180318,11181,14032,1000000,1000000,10,1,Nuwave Air Fryer Oven Cookbook Beginners Amazingly Easy 
897310,109953,71177,479250,119318,223180,821982,613254,1000000,1000000,1000000,1000000,8,0,KETO SOUPS OVER AMAZING KETO SOUPS FOR ALL 
62543,120042,10094,495927,723717,2017344,1378,363859,1000000,1000000,1000000,1000000,8,0,KETO ICE CREAMS COOKBOOK EASY AND DELICIOUS ICE 
389099,2601,8188,9276,12749,13887,5455,21314,94740,681,12745,25947,206,1,Slow Cooker Cookbook Easy Recipes Simple Follow Food 
57307,29655,13768,8767,110061,9460,92752,154819,30331,1100861,557684,17501,32,1,Foodie Grill Cookbook Beginners Recipe Foodie Grill Cookbook 
2560064,1620577,481961,13627,458847,2209170,1290403,822768,803917,1000000,1000000,1000000,9,0,Hello Main Dish Casserole Recipes Best Main Dish 
1000000,1140253,922075,2110472,1089967,1000000,1000000,1000000,1000000,1000000,1000000,1000000,5,0,Cooking Joule Sous Vide Immersion Circulator Delicious Recipes 
170901,487181,147896,44140,343720,71390,594974,166228,63436,76104,19775,164335,90,0,Keto Instant Pot Cookbook Beginners Burn Low Carb 
439820,44140,15081,175822,310349,307870,5530,346120,1284117,17559,1174213,668243,118,1,Mediterranean Diet Cookbook Two Easy Healthy Delicious Recipes 
137840,123667,36316,713042,858989,105235,254965,1000000,1000000,1000000,1000000,1000000,7,0,Aroma Rice Cooker Cookbook Easy Delicious Rice Cooker 
513746,51801,203366,101741,250311,1000000,1000000,1000000,1000000,1000000,1000000,1000000,5,0,KETO DRINK COOKBOOK FOR BEGINNERS SMOOTHIES COCKTAILS JUICES 
2017344,1781830,363859,814691,133418,1022490,100406,495927,2824476,85271,1163413,723717,14,0,KETO ICE CREAMS EASY RECIPES FOR BEGINNERS 
14354,204406,340283,743046,1145533,16267,81502,30558,15010,167098,725429,1151371,407,1,Mediterranean Diet Cookbook Day Meal Plan Lose Weight 
11035,537710,665718,969842,660910,5530,190173,7339,331655,14460,585887,1504090,440,1,Instant Pot Recipe Book Quick Easy Electric Pressure 
1337835,322,1125989,1077511,931330,1026448,1103828,971154,316545,1000000,1000000,1000000,9,0,Hello Rum Drink Recipes Best Rum Drink Cookbook 
912025,673421,250385,334804,394926,1788,5530,94413,207169,214174,854792,7339,59,1,Instant Pot Cookbook Foolproof Recipes Electric Pressure Cooker 
159448,564905,645449,1997556,67028,1775943,9532,792103,662361,681,2601,1000000,29,1,Ketogenic Diet Cookbook Top Keto Recipes Health Rapid 
2475857,1133187,728303,104876,4883908,745942,1029108,761107,476415,714955,707898,300661,58,0,Hello Bean Salad Recipes Best Bean Salad Cookbook 
2601,5455,9469,9276,681,28558,338626,159448,9532,57498,255335,12749,621,1,Ketogenic Instant Pot Cookbook Low Carb Weight Loss 
125853,251456,24804,120185,702161,14460,622488,227194,250699,1000000,1000000,1000000,9,0,A Dinner Day Complete Meals Minutes Every Weeknight 
659421,1225810,1418179,164341,53624,1000000,1000000,1000000,1000000,1000000,1000000,1000000,5,0,Hello Christmas Side Dish Recipes Best Christmas Side 
1742,424589,591211,187075,201943,283948,299910,486719,2017344,237535,11596,351185,88,0,KETO DRINKS COOKBOOK EASY AND DELICIOUS DRINKS FOR 
583887,1205021,2290,718908,1468535,36861,1000000,1000000,1000000,1000000,1000000,1000000,6,0,Sunday Suppers Recipes Gatherings A Cookbook 
855692,1323418,2137819,643582,910039,924123,1225810,125526,553500,299298,761123,1205521,68,0,Hello Christmas Recipes Best Christmas Cookbook Ever For 
854739,147914,193813,213332,386983,9175,1113580,6719,42647,144668,38543,1154688,158,1,Professional Catering 
479114,63436,786250,328248,1378,97826,747131,409150,52265,62543,9469,12749,30,1,The Keto Instant Pot Cookbook A Practical Approach 
442705,642766,1889199,47043,69318,329005,180722,203066,15960,1017170,634160,12730,76,1,Vegan Instant Pot Cookbook Easy PlantBased Recipes Pressure 
239913,740849,1139445,254140,1601724,4182698,3181,36316,861262,360678,418519,384645,18,0,Campfire Cooking Easy Recipes Cooking Grill Cast Iron 
67011,200997,182904,124643,2098918,134896,1524857,110929,351310,1000000,82814,1967817,709,0,Mexican Food Easy Recipe Book 
19175,687957,1901118,1656551,3212650,1047166,231413,1075737,35,586636,47492,2718629,15,0,eat peas English picture book children 
1290403,897839,202450,543624,641966,2776892,1221009,803917,1118045,1187868,926386,1351839,17,0,Hello Spaghetti Squash Recipes Best Spaghetti Squash Cookbook 
30162,482,583364,2601,32166,503618,36316,681,277566,1678876,759107,3544,48,1,Air Fryer Cookbook The Top Quick Easy Recipes 
55071,53182,30162,14032,759107,390490,353977,116591,102837,383675,8188,537423,247,1,Air Fryer Cookbook Beginners Day Quick Easy Recipe 
233944,132447,37927,584155,24733,2826,408476,20823,32166,3573,13887,16245,315,1,Days Cookie Recipes A Cookie Cookbook Over Recipes 
124383,424262,18655,374998,7440,464466,223573,247173,106865,40688,6194,241471,87,1,The New Camp Cookbook 
642449,589527,26634,72154,762134,183178,299298,4235,35478,220091,548384,354759,13,1,Season Big Flavors Beautiful Food 
10094,539351,19690,95418,2601,625787,57498,272872,11921,22549,159448,244573,739,1,Keto Diet Instant Pot Cookbook Ingredients Keto Diet 
113538,37927,15793,287260,45880,25947,60997,1000000,1000000,1000000,1000000,1000000,7,1,The Oh She Glows Cookbook Over Vegan Recipes 
2345,91424,44433,297,360151,640920,718807,7877,44914,8767,14298,1206,55,1,Foodi Digital Air Fry Oven Cookbook Beginners Simple 
1285881,35478,1461807,78537,2793058,275402,395085,217335,272664,72154,1297589,78537,16,0,Spice Mixes Spices And Herbs Mixes From Around 
59767,296480,344373,73066,211177,200718,36439,1000000,18471,17760,211849,330165,81,0,The Farm Cooking School 
116196,229391,226000,6966,3880,79660,283634,317,44140,95275,245178,1000000,86,0,The PlantBased Diet Beginners The Health Benefits Eating 
383720,44140,180722,13887,381657,69318,12730,67476,26277,25947,142198,37927,84,1,Vegetarian Instant Pot Healthy PlantBased Recipes Make Quick 
139558,377993,565261,81160,333700,1000000,1000000,1000000,1000000,1000000,1000000,1000000,5,0,Sababa Fresh Sunny Flavors From My Israeli Kitchen 
236718,697117,214031,1160340,528,961923,128614,438639,1529013,64590,3583498,11848,13,0,Mediterranean Diet Beginners Everything You Need Get Started 
1092694,41536,1000000,1000000,189104,1000000,1000000,1000000,1000000,1000000,1000000,1000000,5,0,Magnolia Table A Collection Recipes Gathering 
105376,57713,1100,93364,7817,46176,14832,1000000,1000000,1000000,1000000,1000000,7,1,Six Seasons A New Way Vegetables 
1557603,1000000,1988222,1000000,313244,1000000,1000000,1000000,1000000,1000000,1000000,1000000,5,0,Keto Ice Cream Homemade KetoFriendly Ice Creams Frozen 
275239,230488,57498,16579,270687,27745,347222,515901,1919586,106247,608487,367765,59,0,Comfort food soothe soul 
331655,1566114,1380623,958466,966986,470128,2230624,1471681,47043,58807,1742,357493,13,0,Delicious Sweet Potato Recipes – Tasty Healthy Sweet 
745218,111318,704359,321621,1236069,119819,1000000,276107,1000000,1000000,1000000,1000000,8,0,The Complete Cooks Country TV Show Cookbook Season 
80629,40685,82929,530756,495927,176927,71483,1837163,1108289,101833,2161691,17501,16,1,Easy Frozen Ice Pop Recipes – The Ice 
218015,1525385,496897,1902035,808556,94994,712897,832928,4875,269943,96386,7364,46,0,Homemade Ice Cream Quick Easy Homemade Ice Cream 
138923,888351,828708,541795,1000000,1000000,1000000,1000000,1000000,1000000,1000000,1000000,4,0,Pam Jam The Book Preserves 
15565,18422,54597,53639,32213,105376,3474,27,1100,207779,20386,32166,32,1,The Smitten Kitchen Cookbook 
747991,52265,92359,642003,8188,451801,555110,2212438,2567832,606639,97458,21953,21,0,Everyday Food Great Food Fast Recipes Easy Delicious 
134396,2290,9313,155558,142865,116705,17971,32926,129400,283164,93364,13925,35,1,The Food Cookbook Winning Recipes Exceptional Home Cooks 
482,3544,30162,11181,32370,421043,1206,1180318,420144,110896,1000000,1000000,10,1,Nuwave Air Fryer Oven Cookbook Beginners Amazingly Easy 
1788,40528,68730,14460,1742,4471,2153,190173,117803,82929,119318,8767,62,1,Instant Pot Cookbook Beginners Master Your Instant Pot 
109953,36026,14460,22061,354656,43303,125853,117021,32991,15565,971144,32166,70,1,Weeknight Meals Cookbook Two Easy Healthy Dinner Recipes 
499741,553502,7836,135583,76644,227369,544825,349009,406812,52265,818942,66171,362,0,Easy Baking Quick And Easy Pies Recipes For 
397796,370361,185386,35499,442041,1011559,111394,163114,263334,92793,841972,1000000,11,0,Complete Electric Smoker Cookbook Delicious Electric Smoker Recipes 
1000000,1000000,1000000,1000000,1000000,1000000,1000000,1000000,1000000,1000000,1000000,1000000,12,0,Additional testing data
1000000,1000000,1000000,1000000,1000000,1000000,1000000,1000000,1000000,1000000,1000000,1000000,500,0,Additional testing data
2000,1000000,1000000,1000000,1000,1000000,1000000,1000000,1000000,1000000,1000000,1000000,100,0,Additional testing data
2000,1000000,1000000,1000000,1000000,1000,1000000,1000000,1000000,1000000,1000000,1000000,100,0,Additional testing data
2000,1000000,1000000,1000000,1000000,1000000,1000,1000000,1000000,1000000,1000000,1000000,100,0,Additional testing data
2000,1000000,1000000,1000000,1000000,1000000,1000000,1000,1000000,1000000,1000000,1000000,100,0,Additional testing data
2000,1000000,1000000,1000000,1000000,1000000,1000000,1000000,1000,1000000,1000000,1000000,100,0,Additional testing data
2000,1000000,1000000,1000000,1000000,1000000,1000000,1000000,1000000,1000,1000000,1000000,100,0,Additional testing data
2000,1000000,1000000,1000000,1000000,1000000,1000000,1000000,1000000,1000000,1000,1000000,100,0,Additional testing data
2000,1000000,1000000,1000000,1000000,1000000,1000000,1000000,1000000,1000000,1000000,1000,100,0,Additional testing data
60000,60000,60000,60000,60000,60000,60000,60000,60000,60000,50000,50000,100,0,Additional testing data
60000,60000,60000,60000,60000,60000,60000,60000,50000,50000,60000,60000,100,0,Additional testing data
60000,60000,60000,60000,60000,60000,60000,50000,50000,60000,60000,60000,100,0,Additional testing data
60000,60000,60000,60000,60000,60000,50000,50000,60000,60000,60000,60000,100,0,Additional testing data
60000,60000,60000,60000,60000,50000,50000,60000,60000,60000,60000,60000,100,0,Additional testing data
60000,60000,60000,60000,50000,50000,60000,60000,60000,60000,60000,60000,100,0,Additional testing data
60000,60000,60000,50000,50000,60000,60000,60000,60000,60000,60000,60000,100,0,Additional testing data
60000,60000,50000,50000,60000,60000,60000,60000,60000,60000,60000,60000,100,0,Additional testing data
60000,50000,50000,60000,60000,60000,60000,60000,60000,60000,60000,60000,100,0,Additional testing data
50000,50000,60000,60000,60000,60000,60000,60000,60000,60000,60000,60000,100,0,Additional testing data
60000,60000,60000,60000,60000,60000,60000,60000,60000,50000,50000,50000,101,0,Additional testing data
60000,60000,60000,60000,60000,60000,60000,60000,60000,50000,50000,50000,100,1,Additional testing data
60000,60000,60000,60000,60000,60000,60000,60000,50000,50000,50000,60000,100,1,Additional testing data
60000,60000,60000,60000,60000,60000,60000,50000,50000,50000,60000,60000,100,1,Additional testing data
60000,60000,60000,60000,60000,60000,50000,50000,50000,60000,60000,60000,100,1,Additional testing data
60000,60000,60000,60000,60000,50000,50000,50000,60000,60000,60000,60000,100,1,Additional testing data
60000,60000,60000,60000,50000,50000,50000,60000,60000,60000,60000,60000,100,1,Additional testing data
60000,60000,60000,50000,50000,50000,60000,60000,60000,60000,60000,60000,100,1,Additional testing data
60000,60000,50000,50000,50000,60000,60000,60000,60000,60000,60000,60000,100,1,Additional testing data
60000,50000,50000,50000,60000,60000,60000,60000,60000,60000,60000,60000,100,1,Additional testing data
50000,50000,50000,60000,60000,60000,60000,60000,60000,60000,60000,60000,100,1,Additional testing data
60000,60000,60000,60000,60000,60000,60000,60000,60000,60000,60000,60000,100,0,Additional testing data
50000,50000,5000,50000,50000,50000,50000,50000,50000,50000,50000,50000,100,1,Additional testing data
258088,528460,466674,437330,97552,58905,414060,16898,345283,184417,392809,222327,20,0,Easy Recipes Perfect Any Occasion 
778192,76522,31599,14075,5530,345302,107416,468490,1082237,1000000,1000000,1000000,9,1,THE COMPLETE INSTANT POT COOKBOOK Over Quick Foolproof 
537423,53182,30162,116591,353977,36316,759107,383675,102837,55071,234621,390490,247,0,Air Fryer Cookbook Beginners Day Quick Easy Recipe 
121453,118499,567941,21953,55712,12749,3880,603219,5848,124984,95462,794447,312,1,Meal Prep Delicious And Simple Meal Prep Recipes 
54098,596853,377912,259436,515570,26700,581010,119909,110061,163114,387617,163193,47,0,Wood Pellet Smoker Grill Cookbook The Ultimate Guide 
759107,362890,87781,356305,14032,1000000,1000000,1000000,1000000,1000000,1000000,1000000,5,0,GoWise USA Air Fryer Recipe Cookbook Made Air 
13887,89080,349009,31521,54874,42956,2601,21314,13485,21953,27269,36316,339,1,The Quick Easy Cookbook Tasty New Recipes You 
99740,87781,1000000,27269,30162,55071,21439,2601,84625,11921,681,759107,189,1,Keto Air Fryer Cookbook Easy Healthy Low Carb 
180722,221909,28558,2601,9276,11921,681,5455,97826,5530,11035,66997,522,1,Instant Pot Cookbook LowCarb Easy Healthy Instant Pot 
190173,82929,69001,2255,77396,14075,270551,2415,383720,224006,26298,436309,306,1,Instant Pot Cookbook Beginners Instant Pot Budget Cookbook 
57281,1017,57767,358749,1000000,65658,842288,215925,7836,485185,2601,553502,643,1,Easy Baking Quick And Easy Bread Recipes For 
85931,95418,32166,56354,53639,36316,1154033,53646,134333,57498,159448,176633,70,1,CROCK POT Delicious Healthy Crock Pot Recipes Crock 
47821,1902035,585760,85271,34565,96386,78547,127543,156203,97552,685379,1000000,12,0,Making Ice Cream Cuisinart Ice Cream Maker Good 
2826,77402,69320,434442,777170,5530,12180,976291,53639,57498,32166,12749,44,1,Delicious Keto Desserts Best Tasty Low Carb Recipes 
641686,282658,360151,926476,17501,876096,779636,377809,1186626,35478,1245415,1377597,13,1,Sous Vide Cookbook The Essential Beginners Guide For 
670981,360557,345302,757872,36316,1089380,26298,218495,494259,95418,494259,9209,288,0,THE KETO INSTANT POT COOKBOOK Quick Easy Delicious 
106270,248870,759915,619933,232045,420279,13420,120042,348379,100406,283948,73313,105,0,Keto Savory Fat Bombs Savory Fat Bombs Recipes 
113867,2344887,322,920040,1336134,1056345,1023808,1000000,1000000,1000000,1000000,1000000,7,0,The Everything Cocktail Parties And Drinks Book The 
11761,955,47106,71459,21874,26192,10695,589,25384,409584,113701,348379,75,1,Easy Thanksgiving The Paleo Lowcarb Way 
128614,1682581,236718,64590,961923,346120,438639,1608306,214031,7915,2599980,1000000,11,0,Mediterranean Diet Cookbook Beginners All Need get Started 
568385,3053426,829791,8188,139439,1178298,982951,1000000,1000000,1000000,1000000,1000000,7,0,The Everything Slow Cooking For A Crowd Cookbook 
558417,486567,10205,90957,16154,177738,169763,2181369,22061,1798131,17238,124984,128,0,Juicing Recipes Weight loss Detox Healthy Living 
317,1174499,15010,124984,2601,1000000,302653,138321,790597,333700,2153,177037,875,0,PALEO FOOD LIST Paleo Diet Food List For 
221841,111394,38122,71073,344572,188072,172434,276298,1174826,357241,101177,213321,18,0,Smoking Meat Charcoal Smoker Grill Recipes For Your 
95644,1000000,187144,53646,389067,36316,129230,1020957,14460,239730,8188,97155,666,0,The Easy Slow Cook Crockpot Recipe Cookbook Fast 
1691302,3923208,1068796,247661,995862,1521260,97458,1156280,382772,2017191,668243,1492479,13,0,Dinner Two Appetizers Main Courses Desserts 
73225,5530,117042,36316,190173,451934,28558,776710,360151,395270,117803,188373,809,1,Cooking easy Instant Pot Cookbook beginners kitchen Easy 
101829,17066,523005,261946,98911,1551234,6561,207075,18760,574456,42659,14337,129,1,Halloween Cookbook For Kids halloween recipes kids 
31519,432160,586954,10094,150175,1062751,508922,2826,59092,1664630,9532,1083583,14,1,The Magic Keto Diet Easy Weight Loss Healthy 
138969,32816,1993522,399539,1274148,43113,606639,670888,486666,220041,2048756,1922737,37,0,HEALTHY DESSERTS FOR THE FAMILY Nutritious Family Desserts 
169763,324483,425666,1386006,2551426,401910,294687,149913,485185,763,144174,843200,228,0,Paleo Baking Dessert Recipes Delicious Paleo Baking Recipes 
107416,345302,76522,82929,778192,31599,1082237,468490,5530,1000000,1000000,1000000,9,0,THE COMPLETE INSTANT POT COOKBOOK Over Quick Foolproof 
969610,75525,2826,13420,123397,74434,202450,41891,123269,202819,2601,537644,28,1,The Baking Cookbook Tasty New Recipes You Breads 
32165,8888,754903,53860,6561,75159,40597,1000000,1000000,1000000,1000000,1000000,7,1,Harry Potter Cookbook Hogwarts Magical Recipes Witches Wizards 
75242,248669,79622,101956,230624,18500,1000000,1000000,1000000,1000000,1000000,1000000,6,0,Copycat Recipes StepbyStep Guide Cook Most Popular Restaurant 
139905,53797,134333,53639,500118,23988,187144,159448,1000000,1000000,1000000,1000000,8,0,Best Crock Pot Recipes All Time A Crock 
46875,138387,38152,6561,202450,1100,15565,3474,20823,52694,7836,1017,419,1,Best Baking Recipes All Time A Baking Cookbook 
4267875,23988,20823,13887,361572,681,44448,52477,53797,11181,17971,3096515,155,1,Best Slow Cooker Recipes All Time A Slow 
776814,478699,10205,968262,798848,870823,25239,1465550,111214,3038,575019,1411795,26,1,Natural Liver Cleanse Recipes Liver cleanse juices liver 
323168,19690,539351,77396,360557,5530,68730,9276,164335,217559,86179,19775,639,1,Instant Pot Keto Cookbook For Beginners Days Keto 
17501,107074,3544,82929,187780,1000000,1000000,1000000,1000000,1000000,1000000,1000000,5,0,NuWave Oven Cookbook Beginners Complete Guide Start Cooking 
94843,766484,3704234,1295144,377217,1530171,1986818,3901,39665,1000000,1000000,1000000,9,0,Christmas Treat Recipes Christmas Cookies Cakes Pies Candies 
553502,202450,358749,1000000,2601,485185,7836,215925,842288,100381,57281,66171,643,0,Easy Baking Quick And Easy Bread Recipes For 
13420,43113,75525,202450,214204,112611,16245,74434,34995,2826,2601,72846,42,1,The Bread Baking Cookbook Tasty New Recipes Beginners 
317033,1018747,8413,160128,63157,246148,278900,17800,84338,148170,853008,232429,21,0,The Bread Baking Cookbook A StepbyStep Guide Making 
183340,2415,26298,190173,19690,36316,77396,908990,117803,743035,68730,5530,594,1,Instant Pot Cookbook Beginners Day Quick Easy Instant 
1097979,249814,767943,268310,115940,127791,95304,39533,51222,56025,102228,4832,72,1,The GermanJewish Cookbook Recipes History Cuisine HBI Series 
74310,126282,573068,12745,623678,1254867,237768,67417,216761,398665,717025,412316,35,0,Dehydrator Cookbook Beginners A Beginners Guide Dehydrating Foods 
6561,543337,1363597,2343,6139,1000000,1000000,1000000,1000000,1000000,1000000,1000000,5,1,Magical Harry Potter Cookbook Potions Treats And Harrys 
43765,70568,68850,20579,105400,94263,17322,46587,1000000,1000000,1000000,1000000,8,1,Scene Grind A Dog Cozy Mystery A Killer 
3573,233944,132447,2826,32166,37927,34565,20823,408476,16245,584155,24733,315,1,Days Cookie Recipes A Cookie Cookbook Over Recipes 
203833,201442,642738,238948,890240,859132,287024,376550,562964,1623967,696375,62400,36,0,More Easy Recipes Jars 
305322,305706,3827,265464,247382,736341,227799,67637,31973,952781,415160,618532,293,0,Easy Recipes In Jars 
37497,1360292,1000000,1000000,1000000,1000000,1000000,1000000,1000000,1000000,1000000,1000000,2,0,The Art Simple Food Notes Lessons Recipes Delicious 
1565659,2230652,420494,441126,511782,2101399,966613,1510846,1386821,2913735,54373,1834535,13,0,Delicious Sweet Potato Recipes – Tasty Healthy Sweet 
305323,341927,76186,1235287,747882,1000000,217382,705465,1000000,1000000,1000000,1000000,8,0,The Complete Cooks Country TV Show Cookbook Season 
4541,495574,4584,55083,1000000,1000000,1000000,1000000,1000000,1000000,1000000,1000000,4,1,Canning Preserving Food Beginners Essential Cookbook How Can 
294532,1000000,45229,586663,61309,84219,613881,42580,1726666,1201755,80151,246524,57,0,Popsicle Recipes Essential Popsicle Recipes Summer Spring nd 
97402,996355,1000000,1000000,1000000,1000000,1000000,1000000,1000000,1000000,1000000,1000000,2,0,The AutumnTime Cookbook Delicious Autumn Recipes Leaves Change 
835455,729290,1000000,1000000,1000000,1000000,1000000,1000000,1000000,1000000,1000000,1000000,2,0,Christmas Highclere Recipes traditions real Downton Abbey 
142811,122294,1859642,66536,15823,254207,579371,133505,80151,1136249,550562,2173329,16,0,Easy Frozen Ice Pop Recipes – The Ice 
1903111,772394,226469,380174,1562421,845362,560752,214975,860404,20967,4647,134057,46,0,Homemade Ice Cream Quick Easy Homemade Ice Cream 
833706,54098,52666,594319,1000000,1000000,1000000,1000000,1000000,1000000,1000000,1000000,4,0,Pam Jam The Book Preserves 
54934,4458,57004,97860,1561,23761,47433,81827,103,32842,75101,24912,32,1,The Smitten Kitchen Cookbook 
55271,4584,1000000,1000000,1000000,1000000,1000000,1000000,1000000,1000000,1000000,1000000,2,0,DIY Pickling Beginners Guide To Easy StepByStep Fermented 
520040,321283,1000000,1000000,1000000,1000000,1000000,1000000,1000000,1000000,1000000,1000000,2,0,Amish Canning Preserving How Make Soups Sauces Pickles 
3065701,555478,280054,98786,2263055,26389,618511,2601787,791890,82299,105013,268929,21,0,Everyday Food Great Food Fast Recipes Easy Delicious 
215685,134301,36432,168615,17856,7390,8285,11001,225553,141811,251806,130460,35,1,The Food Cookbook Winning Recipes Exceptional Home Cooks 
626391,24615,14256,1337129,1000000,1000000,1000000,1000000,1000000,1000000,1000000,1000000,4,0,The Home Preserving Bible A Complete Guide Every 
258528,490376,532844,20705,2948,18780,1193555,13141,24687,49284,1000000,1000000,10,1,Nuwave Air Fryer Oven Cookbook Beginners Amazingly Easy 
112101,41191,16135,107303,27493,9234,2306,1096,60487,227917,60487,1705,62,1,Instant Pot Cookbook Beginners Master Your Instant Pot 
671003,279642,1000000,1000000,1000000,1000000,1000000,1000000,1000000,1000000,1000000,1000000,2,0,The Ultimate Cookbook African Jollof rice African Recipes 
1048125,9289,336368,1000000,1000000,1000000,1000000,1000000,1000000,1000000,1000000,1000000,3,0,Air Fryer Accessories Recipe Cookbook Best Fresh Healthy 
37588,186329,999404,171322,412165,16135,39505,66302,32842,75135,44186,24912,71,1,Weeknight Meals Cookbook Two Easy Healthy Dinner Recipes 
581430,1000000,1000000,1000000,1000000,1000000,1000000,1000000,1000000,1000000,1000000,1000000,2,0,Inversion Therapy Neck Back Pain How Use Inversion 
313081,712950,1000000,1000000,1000000,1000000,1000000,1000000,1000000,1000000,1000000,1000000,2,0,Mastering The Keto Meal Prep The Ultimate Guide 
135396,345299,1000000,1000000,1000000,1000000,1000000,1000000,1000000,1000000,1000000,1000000,2,0,Best Holiday Dishes Vegans Your Life Amazing Recipes 
184570,7347,238017,98786,84792,10417,495271,85507,219482,395767,114002,56769,364,0,Easy Baking Quick And Easy Pies Recipes For 
61052,43642,1027353,1772023,1688262,2020103,236226,193437,850079,44501,1000000,1000000,11,0,Complete Electric Smoker Cookbook Delicious Electric Smoker Recipes 
18798,229801,474215,198702,367609,118239,360661,591969,129289,173585,618407,177655,20,0,Easy Recipes Perfect Any Occasion 
578785,75300,182468,107797,60487,1098391,84728,3991,792757,1000000,1000000,1000000,9,0,THE COMPLETE INSTANT POT COOKBOOK Over Quick Foolproof 
9289,449935,20705,141067,570725,24101,149181,63862,18780,268001,162075,150903,246,1,Air Fryer Cookbook Beginners Day Quick Easy Recipe 
1867562,24912,1000000,1000000,1000000,1000000,1000000,1000000,1000000,1000000,1000000,1000000,2,0,Ceramic Titanium Cookbook Delicious Non Stick Recipes Your 
4009,17306,53775,72372,26389,5260,794251,26389,22149,87150,183881,172184,311,1,Meal Prep Delicious And Simple Meal Prep Recipes 
23093,268658,1259493,254542,145260,525990,621125,494902,281166,175417,272383,436186,48,0,Wood Pellet Smoker Grill Cookbook The Ultimate Guide 
634756,17856,459266,1927300,254207,1000000,1000000,1000000,1000000,1000000,1000000,1000000,5,0,GoWise USA Air Fryer Recipe Cookbook Made Air 
14314,26389,4009,25348,119034,44042,186329,26914,3401,112331,17306,20154,340,1,The Quick Easy Cookbook Tasty New Recipes You 
20705,24101,126995,27379,47830,213125,693826,412194,777,3401,59091,12099,190,1,Keto Air Fryer Cookbook Easy Healthy Low Carb 
146116,707284,150903,1000000,1000000,1000000,1000000,1000000,1000000,1000000,1000000,1000000,3,0,Crisper Basket® Recipe Cookbook Nonstick Copper Tray Works 
45562,326401,1000000,1000000,1000000,1000000,1000000,1000000,1000000,1000000,1000000,1000000,2,0,Anova Sous Vide Cookbook Best Complete Effortless Meals 
210258,127221,56297,235393,24814,47373,3401,639300,12099,8238,777,8688,524,1,Instant Pot Cookbook LowCarb Easy Healthy Instant Pot 
221723,487718,112101,54624,472377,382096,2361,81646,150158,659550,34277,210785,305,0,Instant Pot Cookbook Beginners Instant Pot Budget Cookbook 
84792,162364,498078,1000000,241280,129814,238017,86331,296487,69179,351753,560330,643,0,Easy Baking Quick And Easy Bread Recipes For 
963171,54361,32842,75101,63845,26914,54198,821076,1020472,393997,603871,70805,69,1,CROCK POT Delicious Healthy Crock Pot Recipes Crock 
35691,173585,211875,226469,152720,217044,1903111,606587,233725,30220,81833,1000000,12,0,Making Ice Cream Cuisinart Ice Cream Maker Good 
9333,3991,976178,75101,94768,198257,89909,513074,188766,27731,32842,58666,44,1,Delicious Keto Desserts Best Tasty Low Carb Recipes 
44321,654427,887321,438765,779729,1195915,1384317,1281551,15823,926835,25895,174327,13,0,Sous Vide Cookbook The Essential Beginners Guide For 
693826,400984,60487,11953,176365,47373,34277,671007,3991,771025,26914,263326,286,1,THE KETO INSTANT POT COOKBOOK Quick Easy Delicious 
1239874,676934,495139,544538,1000000,1000000,1000000,1000000,1000000,1000000,1000000,1000000,4,0,Keto Drinks Tasty Ketogenic Cocktails Warm Drinks Lemonades 
86682,435061,1545681,1320988,400172,168297,500241,960182,659003,43809,439188,172492,105,0,Keto Savory Fat Bombs Savory Fat Bombs Recipes 
393196,1070127,1040028,929865,1356681,2357287,182879,1000000,1000000,1000000,1000000,1000000,7,0,The Everything Cocktail Parties And Drinks Book The 
99082,1607984,541436,421868,315963,966540,421259,1544595,65332,491136,1723333,1000000,11,0,Mediterranean Diet Cookbook Beginners All Need get Started 
1810992,1452357,8480,1373,1000000,1000000,1000000,1000000,1000000,1000000,1000000,1000000,4,0,Electric Smoker Meat Recipes Complete Guide Tips Tricks 
39425,1054803,1000000,1000000,1000000,1000000,1000000,1000000,1000000,1000000,1000000,1000000,2,0,Easy healthy food instant pot cookbook Current recipes 
248532,842358,669845,1038494,1181090,36613,12624,1000000,1000000,1000000,1000000,1000000,7,0,The Everything Slow Cooking For A Crowd Cookbook 
1000000,777488,1000000,1000000,1000000,1000000,1000000,1000000,1000000,1000000,1000000,1000000,2,0,Party People How We Make Millions Having Fun 
1797416,116336,149072,71490,524178,16319,425187,641063,15245,2181106,11430,125510,128,0,Juicing Recipes Weight loss Detox Healthy Living 
22706,2190,1000000,1000000,1000000,1000000,1000000,1000000,1000000,1000000,1000000,1000000,2,0,Mexican Cookbook Fish Recipes With Videos 
3273484,58958,164145,198257,1000000,1000000,1000000,1000000,1000000,1000000,1000000,1000000,4,0,Low Carb Paleo Christmas Healthy Easy Recipes Based 
13627,74653,1000000,202983,802778,26389,434158,175,3401,2306,1182029,108506,876,1,PALEO FOOD LIST Paleo Diet Food List For 
67723,416001,115684,412444,1174840,284453,34711,281219,157281,268694,512043,44501,18,0,Smoking Meat Charcoal Smoker Grill Recipes For Your 
26914,81049,374758,70805,1038952,270275,34587,16135,414849,54198,219860,73518,662,1,The Easy Slow Cook Crockpot Recipe Cookbook Fast 
1075620,1520862,380560,673623,1000284,2272506,1690733,1158899,2018157,464318,1517754,105013,13,0,Dinner Two Appetizers Main Courses Desserts 
851197,265010,24814,79068,60487,60487,8688,26914,89185,3991,112101,707284,810,0,Cooking easy Instant Pot Cookbook beginners kitchen Easy 
289712,367659,270440,592911,21489,1550870,52227,56010,5526,12339,40021,17266,129,1,Halloween Cookbook For Kids halloween recipes kids 
433726,71490,7135,27206,103246,529796,16653,1132053,329058,7923,1062315,3396,15,1,The Magic Keto Diet Easy Weight Loss Healthy 
54723,395767,1366755,1000000,1000000,1000000,1000000,1000000,1000000,1000000,1000000,1000000,3,0,Simple New Years Eve Recipes 
20803,618511,42052,2017787,1286503,601335,20803,2665466,670050,11822,767008,298258,37,1,HEALTHY DESSERTS FOR THE FAMILY Nutritious Family Desserts 
9305,4583,75300,1000000,1000000,1000000,1000000,1000000,1000000,1000000,1000000,1000000,3,0,Secrets flavor Instant Pot cookbook The book tells 
134418,560330,2551736,3991,325093,58666,1000000,365380,134128,168388,172184,85862,229,0,Paleo Baking Dessert Recipes Delicious Paleo Baking Recipes 
792757,374758,182468,1098391,84728,107797,578785,3991,75300,1000000,1000000,1000000,9,0,THE COMPLETE INSTANT POT COOKBOOK Over Quick Foolproof 
12919,184540,12624,1000000,1000000,1000000,1000000,1000000,1000000,1000000,1000000,1000000,3,0,Americas Test Kitchen Menu Cookbook More Recipes Menus 
101155,115138,3396,246096,220494,987252,757004,17181,3401,62618,118051,151603,28,0,The Baking Cookbook Tasty New Recipes You Breads 
180063,833626,1000000,1000000,1000000,1000000,1000000,1000000,1000000,1000000,1000000,1000000,2,0,The Pioneer Woman Cooks A Year Holidays Enhanced 
729290,5350,1000000,1000000,1000000,1000000,1000000,1000000,1000000,1000000,1000000,1000000,2,0,Christmas Highclere Recipes traditions real Downton Abbey 
65660,6538,1482383,5526,761701,1000000,2594,1000000,1000000,1000000,1000000,1000000,7,0,Harry Potter Cookbook Hogwarts Magical Recipes Witches Wizards 
331709,139763,16128,47749,219949,51783,1000000,1000000,1000000,1000000,1000000,1000000,6,0,Copycat Recipes StepbyStep Guide Cook Most Popular Restaurant 
37903,8797,1000000,1000000,1000000,1000000,1000000,1000000,1000000,1000000,1000000,1000000,2,0,Mason Jar Cookbook Super Delish Mason Jar Recipes 
1792734,1299585,1648260,1033224,1000000,1000000,1000000,1000000,1000000,1000000,1000000,1000000,4,0,Betty Crocker Christmas Cookies HMH Selects Betty Crocker 
374758,262747,22497,75101,141528,603871,352990,1000000,1000000,1000000,1000000,1000000,7,0,Best Crock Pot Recipes All Time A Crock 
339165,220494,144995,7347,32123,24912,5526,48917,1561,39695,63361,44247,419,1,Best Baking Recipes All Time A Baking Cookbook 
17306,777,32123,60002,13141,25895,269307,4270267,3097860,456764,22497,141528,155,1,Best Slow Cooker Recipes All Time A Slow 
15245,41135,1157837,928839,78528,900808,11430,4221,47327,537513,804434,1000000,26,1,Natural Liver Cleanse Recipes Liver cleanse juices liver 
555024,21394,134395,41191,204758,141514,54166,3991,244110,24687,46427,1556394,639,1,Instant Pot Keto Cookbook For Beginners Days Keto 
85457,85918,1016224,757004,1000000,1000000,1000000,1000000,1000000,1000000,1000000,1000000,4,0,Dough Simple Contemporary Bread 
260727,64228,2948,566882,15823,1000000,1000000,1000000,1000000,1000000,1000000,1000000,5,0,NuWave Oven Cookbook Beginners Complete Guide Start Cooking 
124999,51783,1000000,1000000,1000000,1000000,1000000,1000000,1000000,1000000,1000000,1000000,2,0,Copycat Cookbook Learn Secrets Famous Restaurants Cook Easily 
1307853,3772,765416,1986502,24455,481813,1792734,339106,3280306,1000000,1000000,1000000,9,0,Christmas Treat Recipes Christmas Cookies Cakes Pies Candies 
757004,129814,162364,84792,86331,241280,296487,238017,498078,1000000,560330,351753,643,0,Easy Baking Quick And Easy Bread Recipes For 
3401,3396,66075,17181,101155,115138,42052,296487,53775,11269,101737,69179,42,1,The Bread Baking Cookbook Tasty New Recipes Beginners 
17346,867054,319406,142510,76379,387774,47280,331525,222502,1047546,7494,390186,21,0,The Bread Baking Cookbook A StepbyStep Guide Making 
8238,162301,936651,864705,765429,34277,3991,686858,46427,60487,41191,2361,596,1,Instant Pot Cookbook Beginners Day Quick Easy Instant 
7032791,1000000,1000000,1000000,1000000,1000000,654035,8932,1000000,19835404,1000000,450053,96,0,The GermanJewish Cookbook Recipes History Cuisine HBI Series 
671006,181332,1000000,135031,75114,317624,1283606,67421,827121,156676,11822,613256,35,0,Dehydrator Cookbook Beginners A Beginners Guide Dehydrating Foods 
1387221,599766,6538,2594,5526,1000000,1000000,1000000,1000000,1000000,1000000,1000000,5,1,Magical Harry Potter Cookbook Potions Treats And Harrys 
206370,1000000,90319,427532,1000000,1000000,1000000,1000000,1000000,1000000,1000000,1000000,4,0,Payard Cookies 
37341,37919,33182,25007,50810,52700,9791,19105,1000000,1000000,1000000,1000000,8,1,Scene Grind A Dog Cozy Mystery A Killer 
3396,32842,146040,46450,173970,3870,32123,101155,308685,11269,35578,331971,315,1,Days Cookie Recipes A Cookie Cookbook Over Recipes 
541698,275772,201395,3750,1000000,1000000,1000000,1000000,1000000,1000000,1000000,1000000,4,0,Beautiful Boards Amazing Snack Boards Any Occasion 
1645075,376244,264228,708967,383205,49900,985939,357123,347025,178592,881790,259170,36,0,More Easy Recipes Jars 
648183,102124,984434,103437,798455,480050,30804,386350,1676071,403261,89287,876700,293,0,Easy Recipes In Jars 
112373,1000000,19245,215470,31633,1000000,1000000,1000000,1000000,1000000,1000000,1000000,5,0,The Bakers Daughter Remembers Holidays 
1150354,2061408,2146665,1000000,1000000,1000000,1000000,1000000,1000000,1000000,1000000,1000000,3,0,The Book Pie Everything You Need Know Bake 
28988,395739,75848,1000000,1000000,1000000,1000000,1000000,1000000,1000000,1000000,1000000,3,0,Wood Pellet Smoker Grill Cookbook Grill Like Pro 
2062,14522,4058,5680,13805,255406,504,56493,11496,6400,10372,7694,77,1,Now Again GoTo Recipes Inspired Menus Endless Ideas 
1304952,11,1000000,1000000,1000000,1000000,1000000,1000000,1000000,1000000,1000000,1000000,2,0,Gifts Jars Quick Easy Mason Jars Edible Gifts 
1173926,1246925,2100631,1486226,1082530,1363963,280054,1748653,729290,1041657,737552,1705,13,0,Christmas Drinks Delicious Tasty Holiday Drink Recipes 
62618,67910,75101,1161505,76049,329720,70025,286490,1517293,43240,22497,380207,24,0,Best Pressure Cooker Recipes All Time An Electric 
464548,17306,777,10319,172184,3401,28057,7495,5923,20154,11822,8688,205,1,Slow Cooker Cookbook Easy Recipes Simple Follow Food 
681077,227721,162725,1000000,1000000,1000000,1000000,1000000,1000000,1000000,1000000,1000000,3,0,Being Dead Is No Excuse The Official Southern 
357,35049,136883,1000000,1000000,1000000,1000000,1000000,1000000,1000000,1000000,1000000,3,0,Batch Cocktails MakeAhead Pitcher Drinks Every Occasion 
1843802,24108,1748653,1131009,1246925,767722,1486226,2100631,967073,893741,729290,1000000,11,0,Christmas Drink Recipes Delicious Simple Holiday Drinks Edition 
1705,13677,204484,1452246,470826,135396,6147,5526,14314,3697,6883,685,562,1,Vegan Christmas 
5964,211663,134413,1000000,1000000,1000000,1000000,1000000,1000000,1000000,1000000,1000000,3,0,Sheet Pan Cookbook Clean Eating Made Simple Sheet 
1565679,457219,222293,816737,13377,433575,563185,1000000,1000000,1000000,1000000,1000000,7,0,The Cake Mix Doctor ’ Best Birthday Cakes 
137035,192304,227602,1320691,41116,49624,961390,520756,466719,269501,48594,1273380,30,1,Five Seasons Jam 
321825,1000000,110718,1000000,5242183,1000000,299496,1000000,224185,129657,1000000,1000000,82,0,Gin O ’ clock A Year Ginspiration 
82459,623169,631620,1000000,1000000,1000000,1000000,1000000,1000000,1000000,1000000,1000000,3,0,Nantucket OpenHouse Cookbook 
729290,619361,1000000,1000000,1000000,1000000,1000000,1000000,1000000,1000000,1000000,1000000,2,0,Scandikitchen Christmas Recipes traditions Scandinavia 
85457,757004,1018926,97140,1000000,1000000,1000000,1000000,1000000,1000000,1000000,1000000,4,0,Dough Simple Contemporary Bread 
4267,304937,925147,367448,57589,243449,218514,380207,20803,54561,286490,1221675,52,1,VEGAN Electric Pressure Cooker Cookbook The Best Healthy 
1262213,1208125,1000000,1000000,1000000,1000000,1000000,1000000,1000000,1000000,1000000,1000000,2,0,Jills PlantBased Thanksgiving Recipes 
822514,414234,964341,728396,896950,126616,273774,28128,1269939,4151,288628,505427,14,0,OF BUTTERBEERS AND TREACLE TARTS THE HARRY POTTER 
546273,1732087,1000000,1000000,1000000,1000000,1000000,1000000,1000000,1000000,1000000,1000000,2,0,Modern Jewish Baker Challah Babka Bagels More 
195481,729290,1000000,1000000,1000000,1000000,1000000,1000000,1000000,1000000,1000000,1000000,2,0,Holiday Cookies Showstopping Recipes Sweeten Season A Baking 
784851,644838,644156,60601,7930,93343,60053,6189,10568,965625,42505,1000000,12,1,Jacques Pépin New Complete Techniques 
248923,2387902,153304,1384925,343433,584898,747635,1000000,1000000,1000000,1000000,1000000,7,0,Fifty Shades Chicken A Parody Cookbook 
39129,23644,48524,224667,16436,149691,134820,280731,389459,300026,58762,10101,34,1,Making Artisan Pasta 
767718,255413,2701,150135,580029,799560,1863446,440716,1433248,28444,1151895,154869,39,0,Prune A Cookbook 
374305,72537,136032,55768,630305,132898,8285,11269,119486,25767,244369,168615,193,0,The James Beard Cookbook 
1399349,89667,1143372,849760,209131,27234,1432757,676867,1385539,1000000,1000000,1000000,10,0,Sous Vide Cookbook For Beginners Tasty Healthy Simple 
610232,22819,132425,25767,634243,10658,1000000,1000000,1000000,1000000,1000000,1000000,6,0,James Beards Theory Practice Good Cooking 
977988,432326,173029,1239169,1000000,1000000,1000000,1000000,1000000,1000000,1000000,1000000,4,0,Quick Easy NoBake Desserts Cookbook Over delicious recipes 
32815,172246,104145,70529,1000000,1000000,1000000,1000000,1000000,1000000,1000000,1000000,4,0,The Complete Convection Oven Cookbook Essential Recipes Easy 
44219,511168,79599,100336,1000000,1000000,1000000,1000000,1000000,1000000,1000000,1000000,4,0,Bouchon The Thomas Keller Library 
2133607,3025585,1167567,944015,1166162,1000000,1000000,1000000,1000000,1000000,1000000,1000000,5,0,Cooking Joule Sous Vide Immersion Circulator Delicious Recipes 
535752,919338,1814830,159586,1579441,642859,65861,945467,617899,116659,230954,265686,16,0,The Essential Cuisines Mexico A Cookbook 
333152,65137,73290,238509,331239,1000000,1000000,1000000,1000000,1000000,1000000,1000000,5,0,The Silver Palate Cookbook 
634243,1707,132425,172989,55768,723973,8011,610232,27249,106221,72477,10101,165,1,The New James Beard 
1220687,982347,1000000,1000000,1000000,1000000,1000000,1000000,1000000,1000000,1000000,1000000,2,0,Appetite Life The Biography Julia Child 
11010,3043,1000000,1000000,1000000,1000000,1000000,1000000,1000000,1000000,1000000,1000000,2,0,The Freds Barneys New York Cookbook 
726319,749369,398300,116016,40876,657455,211557,1066852,1167567,1000000,1000000,1000000,9,0,Sous Vide Cookbook Beginners Recipes Effortless Everyday Meals 
511168,52339,79599,100336,1441654,175487,1000000,1000000,1000000,1000000,1000000,1000000,6,0,The French Laundry Cookbook The Thomas Keller Library 
52339,674579,79599,1000000,1000000,1000000,1000000,1000000,1000000,1000000,1000000,1000000,3,0,Ad Hoc Home The Thomas Keller Library 
41872,1786,1000000,1000000,1000000,1000000,1000000,1000000,1000000,1000000,1000000,1000000,2,0,Dinner French My Recipes Way France A Cookbook 
15948,43946,749198,25234,1000000,1000000,1000000,1000000,1000000,1000000,1000000,1000000,4,0,The New Family Cookbook AllNew Edition BestSelling Classic 
1287106,87338,1000000,1000000,1000000,1000000,1000000,1000000,1000000,1000000,1000000,1000000,2,0,Gourmet Popcorn Recipes Any Occasion 
114207,175546,65724,26353,690,9571,1352214,4382,166907,4817,1182,91341,82,1,My Ultimate ZOJIRUSHI Rice Cooker Cookbook InstantPot styled 
56275,1046663,1794232,154613,1000000,1000000,1000000,1000000,1000000,1000000,1000000,1000000,4,0,Macaron Recipes The Ultimate Guide 
156482,2723714,1000000,1000000,1000000,1000000,1000000,1000000,1000000,1000000,1000000,1000000,2,0,Best Holiday Dishes Vegans Your Life Amazing Recipes 
34675,489657,171651,481594,8403,15149,69533,36196,587624,89262,10349,49697,22,1,Ninja Foodi Grill Cookbook The Complete Ninja Foodi 
13670,6865299,139602,1000000,1000000,1000000,1000000,1000000,1000000,1000000,1000000,1000000,3,0,Sous Vide Everybody The Easy Foolproof Cooking Technique 
342085,161906,1000000,1000000,1000000,1000000,1000000,1000000,1000000,1000000,1000000,1000000,2,0,Copycat Recipes The Ultimate StepByStep Cookbook Cooking Home 
238661,285276,1000000,1000000,1000000,1000000,1000000,1000000,1000000,1000000,1000000,1000000,2,0,WilliamsSonoma Salad Day recipes every day year 
233521,106330,746644,17994,51269,247674,276235,12128,211333,668484,655836,35873,165,1,My Master Recipes 
74464,113789,502997,70410,53832,265289,299297,683672,422959,113718,1640919,95375,30,0,Authentic Ramen Easy Authentic Japanese Ramen Recipes Cooking 
320613,113718,1000000,1000000,1000000,1000000,1000000,1000000,1000000,1000000,1000000,1000000,2,0,Meatloaf Cookbook Interesting Delicious Meatloaf combinations 
399402,635601,2056443,1253483,48619,909332,455611,2334,1000000,1000000,1000000,1000000,8,0,Hello Gravy Recipes Best Gravy Cookbook Ever For 
2942500,936319,1000000,1000000,1000000,1000000,1000000,1000000,1000000,1000000,1000000,1000000,2,0,SousVide La Cocción al Vacío Spanish Edition 
293837,1786,283902,8777,283932,80550,1000000,1000000,1000000,1000000,1000000,1000000,6,0,Eat Right Your Type Personalized Cookbook Type A 
55768,339228,125848,1000000,1000000,1000000,1000000,1000000,1000000,1000000,1000000,1000000,3,0,Michael Mina The Cookbook 
4186083,3058489,1268793,1327493,2557898,1439083,2235202,4531450,434686,2778422,2106824,3052404,14,0,Claridges The Cookbook 
1794232,588184,593696,154613,1000000,1000000,1000000,1000000,1000000,1000000,1000000,1000000,4,0,Macarons The Ultimate Recipe Guide 
111951,121098,1313560,190418,2296950,166520,1734871,2153288,4267,114102,2355893,1252793,12,0,The New Laurels Kitchen A Cookbook ] 
1381247,1974,1000000,1000000,1000000,1000000,1000000,1000000,1000000,1000000,1000000,1000000,2,0,The Simple Art Japanese Cooking Everything You Need 
1707,64385,122,27532,52050,28199,38928,37939,96619,106221,3958,60906,32,1,The Smitten Kitchen Cookbook 
303562,1295156,302878,13248,1535648,758772,1000000,1000000,1000000,1000000,1000000,1000000,6,0,The Ritz London The Cookbook 
286618,19501,30340,49853,61439,126619,4114078,15334,26440,161906,61439,28316,39,1,Copycat Recipes Making Restaurants Most Popular Recipes Home 
8777,283932,293837,1786,1000000,1000000,1000000,1000000,1000000,1000000,1000000,1000000,4,0,Eat Right Your Type Personalized Cookbook Type B 
18808,173688,7152,0,0,0,0,0,0,0,0,0,3,,Michael Mina The Cookbook 
2236258,2108159,492455,2779959,1285032,3064298,3054015,1446438,4533519,4188303,1350355,2559831,14,,Claridges The Cookbook 
621780,631558,238376,1051542,0,0,0,0,0,0,0,0,4,,Macarons The Ultimate Recipe Guide 
1254598,2358688,279090,2154772,279820,3666,2298998,1665,1737204,108686,1331777,5601,12,,The New Laurels Kitchen A Cookbook ] 
420284,56659,0,0,0,0,0,0,0,0,0,0,2,,The Simple Art Japanese Cooking Everything You Need 
62417,167,11074,143003,1765,3225,57790,91499,36321,29114,7152,24501,32,,The Smitten Kitchen Cookbook 
780506,1558665,333001,14551,386032,1310420,0,0,0,0,0,0,6,,The Ritz London The Cookbook 
76424,310875,15062,38939,60907,46424,13930,13930,206676,76424,31643,27703,39,,Copycat Recipes Making Restaurants Most Popular Recipes Home 
1686,22653,339847,355839,0,0,0,0,0,0,0,0,4,,Eat Right Your Type Personalized Cookbook Type B 
14953,44293,29809,372480,24733,54549,65816,37564,53946,335103,69610,114809,54,,How Make Cheese Complete beginners guide cheese making 
360705,94541,0,0,0,0,0,0,0,0,0,0,2,,The Effortless Sous Vide Cookbook Recipes Crafting RestaurantQuality 
718024,310437,525616,74087,193915,9471794,1112107,936167,469855,48489,736517,598176,18,,Keys Good Cooking A Guide Making Best Foods 
42699,7152,355839,182493,0,0,0,0,0,0,0,0,4,,Eat Right Your Type Personalized Cookbook Type O 
531378,885,0,0,0,0,0,0,0,0,0,0,2,,Flan Recipes The Ultimate Guide 
1000000,1000000,1000000,4111,5962,1000000,1590,1000000,1000000,1000000,51745,4450,91,,Menus Made History Over years menus Ancient Egyptian 
396174,91655,88501,814780,0,0,0,0,0,0,0,0,4,,How Make Butter Yogurt Make artisan butter yogurt 
7152,489,0,0,0,0,0,0,0,0,0,0,2,,Eat Right Your Type Personalized Cookbook Type AB 
298078,33658,645976,154730,473515,11674,41554,442841,1765,306076,54005,62417,19,,Beard Pasta 
20831,5601,747218,649694,2505,727,300149,265332,670518,705053,46018,11473,557,,Instant Pot Cookbook Healthy Quick Easy Days Instant 
129285,557170,31881,176905,276835,67756,98414,265584,390555,329380,617072,600725,335,,BAKING DESSERTS A COOKBOOK OF DELICIOUS HOMEMADE RECIPES 
42760,2192132,382,281448,0,0,0,0,0,0,0,0,4,,Simple AntiInflammatory Meal Plan Beginners Autoimmune Dinner Recipes 
13460,670518,727,1635,300149,705053,265332,46018,649694,5601,11473,2505,557,,Instant Pot Cookbook Healthy Quick Easy Days Instant 
29114,44529,49726,36788,229267,119931,24501,580660,17188,1018236,59233,90268,71,,Weeknight Meals Cookbook Two Easy Healthy Dinner Recipes 
12748,289903,23896,1336929,206919,0,0,0,0,0,0,0,5,,Bundt Cake Recipes Delicious Bundt Cake Recipes From 
215507,1680325,0,0,0,0,0,0,0,0,0,0,2,,Keto Festive Christmas New Year Cookbook Recipes Thanksgiving 
689601,393469,417352,117419,0,0,0,0,0,0,0,0,4,,Effortless Sous Vide Cookbook Complete Cooking Home Best 
43593,5601,0,0,0,0,0,0,0,0,0,0,2,,Paleo Party Food Cookbook Make Your Friends Love 
71019,13460,6443,2569,6627,508345,11171,25354,10722,16616,718,20877,204,,Slow Cooker Cookbook Easy Recipes Simple Follow Food 
417130,298399,14374,6443,4571375,1175895,31156,2569,705446,404368,105977,6443,195,,Mediterranean Diet For Beginners Fast Easy Mediterranean Diet 
31563,744383,14152,718,508504,380983,42863,379829,399591,1221,1776048,70743,28,,The Essential Keto Diet Beginners Ingredient Affordable Quick 
1810818,26701,340156,61302,324869,0,0,0,0,0,0,0,5,,Prediabetes Diet A Simple Guide Getting Healthy Reversing 
1646,379153,98238,1946912,31167,1343738,731683,92894,50822,149171,306033,2569,13,,Paleo Bacon Cookbook Lose Weight Get Healthy Eat 
1812274,1458639,48629,1549,0,0,0,0,0,0,0,0,4,,Electric Smoker Meat Recipes Complete Guide Tips Tricks 
17538,61275,2828,3666,119269,2569,53818,209,73341,57528,11674,83877,42,,The Bread Baking Cookbook Tasty New Recipes Beginners 
294849,422771,600725,74674,260044,440341,127512,350411,3666,95562,67329,142458,643,,Easy Baking Quick And Easy Bread Recipes For 
834911,209,0,0,0,0,0,0,0,0,0,0,2,,BREAKFAST IN AN INSTANT COOKBOOK Quick Modern Breakfast 
544322,141415,97284,57377,331493,67329,189437,168489,6613,291567,57301,11037,364,,Easy Baking Quick And Easy Pies Recipes For 
707617,267972,224829,11473,18381,17188,68166,2505,31690,543246,13984,68928,741,,Instant Pot Two Cookbook Easy Healthy Instant Pot 
138509,549,562325,943294,316113,460119,132522,399224,542357,63266,10736,858873,12,,Instant Pot Cookbook Simply Delicious Everyday Recipes Your 
57790,97180,865254,385655,63266,90549,53946,29114,7609,111751,71019,177105,261,,Slow Cooker Weight Loss Healthy Delicious Easy Diet 
30260,2569,86149,884352,745429,127221,28287,1000000,238998,89880,257440,909351,198,,Air Fryer Cookbook Beginners Easy Healthy LowCarb Recipes 
